# Thuật ngữ Cyberpunk 2077 cho ScreenTranslator. Định dạng: thuật ngữ gốc,bản dịch (để trống = giữ nguyên)
# Nhân vật
V,
Johnny Silverhand,
Johnny,
Silverhand,
Robert John Linder,
Jackie Welles,
Jackie,
Mama Welles,
Judy Alvarez,
Judy,
Panam Palmer,
Panam,
Saul Bright,
Saul,
Mitch Anderson,
Carol Emeka,
Scorpion,
Kerry Eurodyne,
Kerry,
River Ward,
Joss Ward,
Randy Ward,
Goro Takemura,
Takemura,
Goro,
Viktor Vektor,
Viktor,
Vik,
Misty Olszewski,
Misty,
Rogue Amendiares,
Rogue,
Dexter DeShawn,
Dexter,
Dex,
T-Bug,
Evelyn Parker,
Evelyn,
Yorinobu Arasaka,
Yorinobu,
Saburo Arasaka,
Saburo,
Hanako Arasaka,
Hanako,
Adam Smasher,
Smasher,
Sandayu Oda,
Oda,
Alt Cunningham,
Alt,
Rache Bartmoss,
Bartmoss,
Morgan Blackhand,
Blackhand,
Anders Hellman,
Hellman,
Meredith Stout,
Royce,
Dum Dum,
Brigitte,
Placide,
Maiko Maeda,
Maiko,
Woodman,
Wakako Okada,
Wakako,
Regina Jones,
Regina,
Padre,
Sebastian Ibarra,
Dakota Smith,
Dakota,
Mr. Hands,
Muamar Reyes,
El Capitán,
Dino Dinovic,
Dino,
Mr. Blue Eyes,
Delamain,
Claire Russell,
Claire,
Jefferson Peralez,
Elizabeth Peralez,
Peralez,
Lucius Rhyne,
Joshua Stephenson,
Kirk Sawyer,
Jotaro Shobo,
Sasquatch,
Nancy Hartley,
Denny,
Henry,
Lizzy Wizzy,
Us Cracks,
Brendan,
Skippy,
Nibbles,
Barry Lewis,
Sandra Dorsett,
Songbird,
Song So Mi,
So Mi,
Solomon Reed,
Reed,
Rosalind Myers,
President Myers,
Kurt Hansen,
Hansen,
Alena Xenakis,
Alena,
Alex,
Aurore Cassel,
Stella Ramos,
# Băng đảng
Maelstrom,
Tyger Claws,
Valentinos,
6th Street,
Sixth Street,
the Animals,
Voodoo Boys,
Moxes,
the Mox,
Scavengers,
scavs,
Wraiths,
Raffen Shiv,
Barghest,
Aldecaldos,
Aldecaldo,
Samurai,
# Tập đoàn
Arasaka,
Militech,
Kang Tao,
Biotechnica,
Trauma Team,
NetWatch,
Petrochem,
SovOil,
Zetatech,
Kiroshi,
Night Corp,
Dynalar,
Tsunami Defense Systems,
Techtronika,
Midnight Arms,
Constitutional Arms,
Budget Arms,
Malorian Arms,
Raven Microcybernetics,
Orbital Air,
Network 54,
N54 News,
Delamain Corporation,
NCPD,
Night City Police Department,
MaxTac,
Psycho Squad,
FIA,
Federal Intelligence Agency,
# Địa danh
Night City,
Watson,
Westbrook,
Heywood,
Pacifica,
Santo Domingo,
City Center,
Badlands,
Dogtown,
Northside,
Little China,
Kabuki,
Arasaka Waterfront,
Japantown,
Charter Hill,
North Oak,
Corpo Plaza,
the Glen,
Wellsprings,
Vista del Rey,
Arroyo,
Rancho Coronado,
Coastview,
West Wind Estate,
Biotechnica Flats,
Rocky Ridge,
Red Peaks,
Jackson Plains,
Sierra Sonora,
Laguna Bend,
Golden Pacific,
Black Sapphire,
Heavy Hearts,
Kress Street,
Luxor Heights,
EBM Petrochem Stadium,
Terra Cognita,
Afterlife,
Lizzie's Bar,
Lizzie's,
El Coyote Cojo,
Misty's Esoterica,
Megabuilding H10,
H10,
Konpeki Plaza,
Arasaka Tower,
Arasaka Industrial Park,
Embers,
Clouds,
Totentanz,
Pistis Sophia,
Dark Matter,
Jig-Jig Street,
Cherry Blossom Market,
Kabuki Market,
Grand Imperial Mall,
All Foods,
Ebunike,
Sunset Motel,
Mikoshi,
Crystal Palace,
Cynosure,
Space Force One,
NCART,
# Khái niệm
Relic,
Soulkiller,
Blackwall,
the Net,Mạng (the Net)
Old Net,Mạng Cũ
cyberspace,không gian mạng
rogue AI,AI nổi loạn
DataKrash,
engram,
Secure Your Soul,
biochip,
braindance,
braindances,
BD,
BDs,
netrunner,
netrunners,
netrunning,
fixer,
fixers,
ripperdoc,
ripperdocs,
ripper,
solo,
techie,
nomad,
nomads,
edgerunner,
edgerunners,
cyberpsycho,
cyberpsychos,
cyberpsychosis,
rockerboy,
corpo,
corpos,
Street Kid,
merc,lính đánh thuê
mercs,lính đánh thuê
gig,phi vụ
gigs,phi vụ
Street Cred,
cyberware,
cyberdeck,
biomonitor,
biomon,
Sandevistan,
Kerenzikov,
Mantis Blades,
Gorilla Arms,
Monowire,
Projectile Launch System,
optical camo,ngụy trang quang học
quickhack,
quickhacks,
Breach Protocol,
daemon,
daemons,
Black ICE,
Short Circuit,
Synapse Burnout,
Cyberware Malfunction,
Sonic Shock,
Reboot Optics,
Memory Wipe,
Weapon Glitch,
Cripple Movement,
Request Backup,
Blackwall Gateway,
shard,
holocall,cuộc gọi holo
holo,
NUSA,
New United States,Tân Hợp chúng quốc Hoa Kỳ
New United States of America,Tân Hợp chúng quốc Hoa Kỳ
Free State of North California,Bang Tự do Bắc California
Unification War,Chiến tranh Thống nhất
Fourth Corporate War,Chiến tranh Tập đoàn lần thứ tư
Corporate War,Chiến tranh Tập đoàn
Time of the Red,Thời kỳ Đỏ
Trauma Team Platinum,
# Tiếng lóng
choom,chiến hữu
chooms,mấy chiến hữu
gonk,đồ ngốc
gonks,lũ ngốc
preem,đỉnh
delta outta here,chuồn khỏi đây
let's delta,chuồn thôi
flatline,hạ gục
flatlined,tiêu đời
eddies,
eddie,
eurodollars,
eurodollar,
borg,kẻ độ máy toàn thân
skag,đồ khốn nạn
zeroed,bị khử
chromed,độ máy
chromed up,độ máy đầy người
corpo rat,chó săn tập đoàn
corpo rats,lũ chó săn tập đoàn
jack in,kết nối vào mạng
jacked in,đã kết nối vào mạng
jack out,ngắt kết nối mạng
joytoy,
joytoys,
scop,thức ăn tổng hợp
Chippin' In,
# Tiếng Tây Ban Nha (Jackie & Valentinos)
chica,cô em
chicas,mấy cô em
cabrón,thằng khốn
cabrones,lũ khốn
hermano,người anh em
hermana,chị em
mano,người anh em
mija,con gái
mijo,con trai
vato,thằng cha
pendejo,thằng ngu
pendejos,lũ ngu
órale,được đấy
ándale,nhanh lên
qué onda,sao rồi
chamba,phi vụ
cállate,im đi
güey,ông bạn
puta madre,mẹ kiếp
hijo de puta,đồ chó chết
chale,chán thật
vámonos,đi thôi
gracias,cảm ơn
chido,ngon lành
chingada,chết tiệt
chingón,bá đạo
pinche,chết tiệt
mierda,khốn kiếp
gringo,gã ngoại quốc
Dios mío,Chúa ơi
no mames,đùa à
# Vật phẩm
Malorian Arms 3516,
Porsche 911,
Quadra Type-66,
Quadra Turbo-R,
Quadra,
Mizutani Shion,
Mizutani,
Rayfield Caliburn,
Rayfield Aerondight,
Rayfield,
Herrera Outlaw,
Herrera,
Yaiba Kusanagi,
Yaiba,
Arch Nazaré,
Arch Nazare,
Thorton Mackinaw,
Thorton Galena,
Thorton,
Chevillon Thrax,
Chevillon,
Villefort Alvarado,
Villefort,
Archer Hella,
Makigai MaiMai,
Makigai,
Militech Behemoth,
Kaukaz Bratsk,
Kaukaz,
Mahir Supron,
Overture,
Lexington,
Nekomata,
Satori,
Kongou,
Comrade's Hammer,
La Chingona Dorada,
Nue,
Ajax,
Copperhead,
Militech Paraline,
Tetratronic Rippler,
MaxDoc,
Bounce Back,
Black Lace,
Nicola,
Broseph,
