# Thuật ngữ Final Fantasy XVI cho ScreenTranslator. Định dạng: thuật ngữ gốc,bản dịch (để trống = giữ nguyên)
# Nhân vật
Clive Rosfield,
Clive,
Joshua Rosfield,
Joshua,
Jill Warrick,
Jill,
Cidolfus Telamon,
Cidolfus,
Cid,
Cid the Outlaw,Cid kẻ ngoài vòng pháp luật
Torgal,
Elwin Rosfield,
Elwin,
Anabella Rosfield,
Anabella,
Byron Rosfield,
Byron,
Rosfield,
Rosfields,nhà Rosfield
Benedikta Harman,
Benedikta,
Hugo Kupka,
Hugo,
Kupka,
Barnabas Tharmr,
Barnabas,
Tharmr,
Dion Lesage,
Dion,
Sylvestre Lesage,
Sylvestre,
Olivier Lesage,
Olivier,
Lesage,
Ultima,
Gav Weir,
Gav,
Tarja,
Midadol Telamon,
Mid,
Otto,
Harpocrates II Hyperboreos,
Harpocrates,
Vivian Ninetales,
Vivian,
Charon,
Blackthorne,
Goetz,
Gaute,
Desiree,
Nektar,
Dorys,
Obolus,
Maeve,
Molly,
Yvan,
Rodrigue,
Owain,
Nigel,
Tett,
Kenneth,
Martelle,
Geoffrey,
Bohumil,
Hortense,
Cormac,
Jackin,
Lukahn Larkstongue,
Lukahn,
Asta,
Rodney Murdoch,
Murdoch,
Sir Tyler,
Wade,
Martha,
Gerard,
Bernard,
Brennan,
Norreis,
Fredric,
Brice,
Rowan,
Rutherford,
Isabelle,
Quinten,
Terence,
Philippe,
Sabine,
Sleipnir Harbard,
Sleipnir,
Gerulf,
Edda,
Eugen Havel,
Havel,
Eloise,
Theodore,
Zoltan,
L'ubor,
Ferda,
Viktor,
Konrad,
Honza,
Drika,
Rens,
Imreann,
Marleigh,
Ambrosia,
Cyril,
Jote,
Kihel,
Freyja,
Shula,
Famiel,
Waljas,
# Eikon và Dominant
Eikon,
Eikons,các Eikon
Dominant,
Dominants,các Dominant
Phoenix,
Ifrit,
Ifrit Risen,
Shiva,
Garuda,
Titan,
Titan Lost,
Ramuh,
Bahamut,
Odin,
Leviathan,
Leviathan the Lost,
Tiamat,
egi,
# Danh hiệu và chức vị
Archduke,Đại Công tước
Archduchess,Đại Công tước phu nhân
Holy Emperor,Thánh Hoàng đế
Lord Commander,Chỉ huy trưởng
First Shield of Rosaria,Đệ Nhất Khiên Hộ Vệ của Rosaria
First Shield,Đệ Nhất Khiên Hộ Vệ
Marquess of Rosaria,Hầu tước Rosaria
Permanent Economic Advisor,Cố vấn Kinh tế Thường trực
Keeper of the Flame,Người Giữ Ngọn Lửa
Five Cardinals,Ngũ Hồng y
# Phe phái và quốc gia
Grand Duchy of Rosaria,Đại Công quốc Rosaria
Rosaria,
Rosarian,người Rosaria
Holy Empire of Sanbreque,Thánh Đế quốc Sanbreque
Sanbreque,
Sanbrequois,người Sanbreque
Dhalmekian Republic,Cộng hòa Dhalmekia
Dhalmekia,
Dhalmekian,người Dhalmekia
Kingdom of Waloed,Vương quốc Waloed
Waloed,
Iron Kingdom,Vương quốc Sắt
Crystalline Dominion,Lãnh địa Tinh Thể
Free Cities of Kanver,Các Thành phố Tự do Kanver
Kanver,
Veldemarke,
Shields of Rosaria,Đội Khiên Hộ Vệ Rosaria
Cursebreakers,những Kẻ Phá Nguyền
Cursebreaker,Kẻ Phá Nguyền
the Undying,hội Undying
Imperial Army,Quân đội Đế quốc
Holy Order of the Knights Dragoon,Thánh Đoàn Kỵ sĩ Rồng
Knights Dragoon,Kỵ sĩ Rồng
Royal Intelligencers,Mật thám Hoàng gia
Royal Knights of Waloed,Kỵ sĩ Hoàng gia Waloed
Iron Crusade,Thập Tự Quân Sắt
Crystalline Orthodox,Chính Thống Giáo Tinh Thể
Greagorian church,Giáo hội Greagor
Greagor,
Circle of Malius,Giáo phái Malius
Black Shields,Đội Khiên Đen
Ducal Guard,Cận vệ Đại Công quốc
# Địa danh
Valisthea,
Rosalith,
Phoenix Gate,Cổng Phoenix
Eastpool,
Martha's Rest,
Port Isolde,Cảng Isolde
Stillwind,
Auldhyl,
Lazarus District,Khu Lazarus
Three Reeds,
Greensheaves,
Cressida,
Quietsands,
Oriflamme,
Lostwing,
Caer Norvent,
Norvent Valley,Thung lũng Norvent
Orabelle Downs,
the Greatwood,
Northreach,
Moore,
Royal Meadows,
Dragon's Aery,
Claireview,
Glorieuse,
Mornebrume,
Drake's Head,
Drake's Breath,
Drake's Spine,
Drake's Fang,
Drake's Tail,
Dzemekys,
Dzemekys Falls,Thác Dzemekys
Ran'dellah,
Castle Dazbog,Lâu đài Dazbog
Velkroy Desert,Sa mạc Velkroy
Dalimil,
Boklad,
Kostnice,
Dravozd,
Kretov,
Tabor,
Twinside,
Isles of Ark,Quần đảo Ark
Old Kanver,Kanver Cũ
Creag Loisgte,
Northern Territories,Lãnh thổ phía Bắc
Stonhyrr,
Eistla,
the Shadow Coast,Bờ Biển Bóng Tối
Ravenwit Walls,
Vidargraes,
Skaithfarr,
Halfcombe,
Kritten Hollow,
Garnick,
Interdimensional Rift,Khe nứt Liên chiều
Cid's Hideaway,Nơi Ẩn Náu của Cid
the Hideaway,Nơi Ẩn Náu
Ironworks,
Glazheim Wall,
Nysa Defile,Hẻm núi Nysa
Mysidia,
Mysidian,người Mysidia
Vare of Hours,
Sagespire,
# Khái niệm
Mothercrystal,Tinh Thể Mẹ
Mothercrystals,các Tinh Thể Mẹ
Heart of the Mothercrystal,Trái tim Tinh Thể Mẹ
Blight,Tử Địa
Bearer,
Bearers,các Bearer
aether,
magick,ma thuật
Akashic,
the Fallen,người Fallen
Magitek,
Metia,
Mythos,
the Founder,Người Khai Lập
Blessing of the Phoenix,Phúc lành của Phoenix
Night of Flames,Đêm Lửa
War of the Magi,Đại chiến Ma pháp
Limit Break,
Chronolith,
Arete Stone,
Active Time Lore,
Notorious mark,mục tiêu truy nã
Notorious marks,các mục tiêu truy nã
moogle,
chocobo,
# Kỹ năng Eikon
Arm of Darkness,
Zantetsuken,
Gigaflare,
Megaflare,
Wings of Light,
Diamond Dust,
Judgment Bolt,
Gungnir,
Rising Flames,
Scarlet Cyclone,
Heatwave,
Flames of Rebirth,
Phoenix Shift,
Aerial Blast,
Wicked Wheel,
Deadly Embrace,
Ice Age,
Cold Snap,
Blind Justice,
Dancing Steel,
Heaven's Cloud,
Earthen Fury,
Raging Fists,
Titanic Block,
Tidal Torrent,
Cross Swell,
Abyssal Tear,
Fira,
# Vật phẩm và vũ khí
gil,
Sparring Sword,
Rosarian Oath,
The Burning Thorn,
Imperial Infantry Blade,
Stormcry,
Levinbolt,
Brightburn,
Everdark,
Invictus,
Gotterdammerung,
Tidestrike,
Tonberry Knife,
Ancient Sword,
the Enterprise,
Einherjar,
# Quái vật và trùm
Behemoth,
Behemoth King,
Morbol,
Akashic Morbol,
Coeurl,
Tonberry,
Tonberry King,
Master Tonberry,
Gorgimera,
Adamantoise,
Adamantitan,
Aevis,
Wivre,
Gigas,
Purobolos,
Ahriman,
Svarog,
Typhon,
Typhon the Transgressor,
Omega,
Infernal Shadow,
Necrophobe,
Fafnir,
Hreidmar,
Dread Comet,
Gobermouch,
Thanatos,
Ultima Prime,
Ultimalius,
Akashic Dragon,
